acc,dice,MIoU,epoch,step,val_loss,val_acc,val_dice,val_MIoU,train_loss,train_acc,train_dice,train_MIoU
0.8866851329803467,0.6055150032043457,0.4342212378978729,0,49,,,,,,,,
0.8963536024093628,0.7116096019744873,0.5523244738578796,0,99,,,,,,,,
0.9370366334915161,0.7592333555221558,0.6119065880775452,0,149,,,,,,,,
0.9384691119194031,0.7609859108924866,0.6141866445541382,0,199,,,,,,,,
0.9366330504417419,0.7192432284355164,0.561576783657074,0,249,,,,,,,,
0.9432746767997742,0.8281340599060059,0.7066798806190491,0,299,,,,,,,,
0.921781599521637,0.7530526518821716,0.6039170026779175,0,349,,,,,,,,
,,,0,357,0.42567455768585205,0.9242947101593018,0.6533339023590088,0.48514917492866516,,,,
,,,0,357,,,,,0.3857361376285553,0.9059509634971619,0.6831490993499756,0.5187748074531555
0.9277443289756775,0.748589277267456,0.598196268081665,1,399,,,,,,,,
0.938692033290863,0.80731600522995,0.6768901348114014,1,449,,,,,,,,
0.9467923045158386,0.7765782475471497,0.634759247303009,1,499,,,,,,,,
0.9270729422569275,0.6970636248588562,0.53499436378479,1,549,,,,,,,,
0.9377790093421936,0.7638739347457886,0.6179579496383667,1,599,,,,,,,,
0.9379334449768066,0.773463785648346,0.6306082010269165,1,649,,,,,,,,
0.9407772421836853,0.819717526435852,0.6945095658302307,1,699,,,,,,,,
,,,1,715,0.3330819606781006,0.9586651921272278,0.7650365829467773,0.6194811463356018,,,,
,,,1,715,,,,,0.28692498803138733,0.9396467804908752,0.7819058299064636,0.6419091820716858
0.9430081248283386,0.8047571182250977,0.6733000874519348,2,749,,,,,,,,
0.9457957744598389,0.8170058727264404,0.6906254887580872,2,799,,,,,,,,
0.9628881216049194,0.8043806552886963,0.6727731823921204,2,849,,,,,,,,
0.9565417170524597,0.8527051210403442,0.7432309985160828,2,899,,,,,,,,
0.9658066034317017,0.8409421443939209,0.7255393862724304,2,949,,,,,,,,
0.9562278389930725,0.8468501567840576,0.7343799471855164,2,999,,,,,,,,
0.9337806105613708,0.71173095703125,0.5524707436561584,2,1049,,,,,,,,
,,,2,1073,0.30311185121536255,0.9529718160629272,0.7784687876701355,0.63728928565979,,,,
,,,2,1073,,,,,0.26022759079933167,0.9469383358955383,0.8064961433410645,0.6757381558418274
0.9586567878723145,0.8690716028213501,0.7684586048126221,3,1099,,,,,,,,
0.9583055377006531,0.8562051057815552,0.7485653162002563,3,1149,,,,,,,,
0.9527774453163147,0.8088710308074951,0.6790793538093567,3,1199,,,,,,,,
0.9590117931365967,0.8105082511901855,0.6813904047012329,3,1249,,,,,,,,
0.9598363637924194,0.8747348785400391,0.777358889579773,3,1299,,,,,,,,
0.9712773561477661,0.8564241528511047,0.7489001750946045,3,1349,,,,,,,,
0.9410873651504517,0.786080002784729,0.6475550532341003,3,1399,,,,,,,,
,,,3,1431,0.26600098609924316,0.9660683274269104,0.8134598731994629,0.6855729818344116,,,,
,,,3,1431,,,,,0.2406376302242279,0.9521569609642029,0.8238641023635864,0.7004837989807129
0.9513686895370483,0.8033505082130432,0.6713331937789917,4,1449,,,,,,,,
0.9594153761863708,0.8484586477279663,0.7368025779724121,4,1499,,,,,,,,
0.9428761005401611,0.7330337166786194,0.578574001789093,4,1549,,,,,,,,
0.9518221020698547,0.8440516591072083,0.730181097984314,4,1599,,,,,,,,
0.9567310810089111,0.8435235023498535,0.7293909788131714,4,1649,,,,,,,,
0.9463575482368469,0.7183287143707275,0.5604625344276428,4,1699,,,,,,,,
0.940409779548645,0.7136974930763245,0.5548442602157593,4,1749,,,,,,,,
,,,4,1789,0.27045688033103943,0.9603105783462524,0.8036208748817444,0.6717108488082886,,,,
,,,4,1789,,,,,0.23688797652721405,0.953410267829895,0.828167200088501,0.7067281007766724
0.9443321824073792,0.8072059750556946,0.6767354607582092,5,1799,,,,,,,,
0.928800642490387,0.8109338283538818,0.6819921731948853,5,1849,,,,,,,,
0.9461931586265564,0.7813751101493835,0.6411941051483154,5,1899,,,,,,,,
0.9468134641647339,0.7323399782180786,0.5777100920677185,5,1949,,,,,,,,
0.9642732739448547,0.8458238840103149,0.7328377962112427,5,1999,,,,,,,,
0.9665589332580566,0.8899961113929749,0.801795482635498,5,2049,,,,,,,,
0.9651950001716614,0.8562713265419006,0.748666524887085,5,2099,,,,,,,,
,,,5,2147,0.2573762536048889,0.9635011553764343,0.81817626953125,0.6922997236251831,,,,
,,,5,2147,,,,,0.2256680727005005,0.9566493630409241,0.839093029499054,0.7227909564971924
0.9465917348861694,0.8258257508277893,0.7033246755599976,6,2149,,,,,,,,
0.9569453001022339,0.8789423108100891,0.784029483795166,6,2199,,,,,,,,
0.9636728763580322,0.8320858478546143,0.712454617023468,6,2249,,,,,,,,
0.9393833875656128,0.7945886850357056,0.6591846346855164,6,2299,,,,,,,,
0.9648512005805969,0.8763669729232788,0.7799405455589294,6,2349,,,,,,,,
0.9637974500656128,0.8607752323150635,0.7555798292160034,6,2399,,,,,,,,
0.9470663070678711,0.860947847366333,0.7558459043502808,6,2449,,,,,,,,
0.9631123542785645,0.8285830020904541,0.7073339223861694,6,2499,,,,,,,,
,,,6,2505,0.24910348653793335,0.9690248966217041,0.8298463225364685,0.7091771960258484,,,,
,,,6,2505,,,,,0.2191951721906662,0.9584341049194336,0.8452888131141663,0.7320349216461182
0.9581161737442017,0.8578482270240784,0.7510808110237122,7,2549,,,,,,,,
0.9612339735031128,0.8142679929733276,0.6867217421531677,7,2599,,,,,,,,
0.9648873209953308,0.8361571431159973,0.7184450626373291,7,2649,,,,,,,,
0.9612737894058228,0.8585442304611206,0.752148449420929,7,2699,,,,,,,,
0.9573252201080322,0.8124158382415771,0.6840911507606506,7,2749,,,,,,,,
0.9627947211265564,0.8454217314720154,0.7322342395782471,7,2799,,,,,,,,
0.9553110599517822,0.8554774522781372,0.7474535703659058,7,2849,,,,,,,,
,,,7,2863,0.23199398815631866,0.9692724943161011,0.8421793580055237,0.7273832559585571,,,,
,,,7,2863,,,,,0.21443641185760498,0.9594090580940247,0.8488790392875671,0.737436830997467
0.9719861149787903,0.8838842511177063,0.7919288277626038,8,2899,,,,,,,,
0.9585608839988708,0.8111339211463928,0.6822752952575684,8,2949,,,,,,,,
0.9636815786361694,0.876878559589386,0.7807513475418091,8,2999,,,,,,,,
0.9618542790412903,0.877617597579956,0.7819238305091858,8,3049,,,,,,,,
0.9608553051948547,0.8553224205970764,0.7472168803215027,8,3099,,,,,,,,
0.9519952535629272,0.8180586695671082,0.6921313405036926,8,3149,,,,,,,,
0.9633489847183228,0.8725836873054504,0.7739675641059875,8,3199,,,,,,,,
,,,8,3221,0.2530360221862793,0.965921938419342,0.8247272372245789,0.7017326354980469,,,,
,,,8,3221,,,,,0.21540994942188263,0.9594127535820007,0.8488214612007141,0.7373498678207397
0.9527887105941772,0.859453558921814,0.7535454630851746,9,3249,,,,,,,,
0.9582681655883789,0.8732152581214905,0.7749618887901306,9,3299,,,,,,,,
0.9625792503356934,0.8288868069648743,0.7077768445014954,9,3349,,,,,,,,
0.9607207775115967,0.8609121441841125,0.7557908296585083,9,3399,,,,,,,,
0.9655188918113708,0.8785845041275024,0.7834603190422058,9,3449,,,,,,,,
0.9638223648071289,0.8657979965209961,0.7633543014526367,9,3499,,,,,,,,
0.965604841709137,0.8937663435935974,0.8079363107681274,9,3549,,,,,,,,
,,,9,3579,0.2469964474439621,0.9636457562446594,0.8233814239501953,0.6997861862182617,,,,
,,,9,3579,,,,,0.2095804065465927,0.9609495401382446,0.8541184067726135,0.7453809976577759
0.9648312926292419,0.8656330108642578,0.7630978226661682,10,3599,,,,,,,,
0.9760442972183228,0.8565097451210022,0.7490310668945312,10,3649,,,,,,,,
0.9560397267341614,0.7796288728713989,0.638845682144165,10,3699,,,,,,,,
0.9647303819656372,0.8815832138061523,0.7882420420646667,10,3749,,,,,,,,
0.968403697013855,0.8697188496589661,0.7694712281227112,10,3799,,,,,,,,
0.9611641764640808,0.8316922783851624,0.711877703666687,10,3849,,,,,,,,
0.9730685353279114,0.8659968972206116,0.7636635899543762,10,3899,,,,,,,,
,,,10,3937,0.23605677485466003,0.9687347412109375,0.8397963047027588,0.7238352298736572,,,,
,,,10,3937,,,,,0.2057001292705536,0.9615393280982971,0.8565387725830078,0.7490754127502441
0.9495488405227661,0.8394273519515991,0.7232872247695923,11,3949,,,,,,,,
0.9567074179649353,0.772922694683075,0.6298891305923462,11,3999,,,,,,,,
0.9645261168479919,0.8690735101699829,0.7684615254402161,11,4049,,,,,,,,
0.9619837999343872,0.811823308467865,0.6832513213157654,11,4099,,,,,,,,
0.9657642841339111,0.864586591720581,0.7614728808403015,11,4149,,,,,,,,
0.9399625658988953,0.8289195895195007,0.7078246474266052,11,4199,,,,,,,,
0.952168345451355,0.8206847310066223,0.6958993673324585,11,4249,,,,,,,,
,,,11,4295,0.24548983573913574,0.9693587422370911,0.8359047770500183,0.7180725336074829,,,,
,,,11,4295,,,,,0.2022264152765274,0.9626336693763733,0.8601945638656616,0.7546854615211487
0.9682505130767822,0.8852782249450684,0.7941696643829346,12,4299,,,,,,,,
0.95574951171875,0.8203494548797607,0.6954173445701599,12,4349,,,,,,,,
0.9698187112808228,0.8659266829490662,0.7635543942451477,12,4399,,,,,,,,
0.9751549363136292,0.8598411679267883,0.754141628742218,12,4449,,,,,,,,
0.9614506959915161,0.8684306740760803,0.7674568891525269,12,4499,,,,,,,,
0.9724631905555725,0.8658954501152039,0.7635058760643005,12,4549,,,,,,,,
0.9561306834220886,0.8452653288841248,0.7319996356964111,12,4599,,,,,,,,
0.9652659893035889,0.8482837080955505,0.7365387678146362,12,4649,,,,,,,,
,,,12,4653,0.23286432027816772,0.9718115925788879,0.844714343547821,0.7311735153198242,,,,
,,,12,4653,,,,,0.19593682885169983,0.9638217091560364,0.8647175431251526,0.7616761922836304
0.9626327753067017,0.8531497716903687,0.7439069151878357,13,4699,,,,,,,,
0.9641237854957581,0.8575301170349121,0.7505931854248047,13,4749,,,,,,,,
0.9697937965393066,0.8648332357406616,0.7618556618690491,13,4799,,,,,,,,
0.9528111219406128,0.8465240597724915,0.733889639377594,13,4849,,,,,,,,
0.9576752185821533,0.7927111387252808,0.6566043496131897,13,4899,,,,,,,,
0.9651975035667419,0.8540062308311462,0.7452101707458496,13,4949,,,,,,,,
0.9639095664024353,0.9028181433677673,0.822851836681366,13,4999,,,,,,,,
,,,13,5011,0.2348562479019165,0.9694860577583313,0.8409599661827087,0.7255659103393555,,,,
,,,13,5011,,,,,0.19653409719467163,0.9638221263885498,0.8646034598350525,0.7614990472793579
0.9724693894386292,0.8829243779182434,0.7903891205787659,14,5049,,,,,,,,
0.96124267578125,0.8642624020576477,0.7609701156616211,14,5099,,,,,,,,
0.9699607491493225,0.86915522813797,0.7685893177986145,14,5149,,,,,,,,
0.969694197177887,0.8783986568450928,0.7831647396087646,14,5199,,,,,,,,
0.9566737413406372,0.845686674118042,0.7326318025588989,14,5249,,,,,,,,
0.9659810066223145,0.8453519344329834,0.7321295738220215,14,5299,,,,,,,,
0.9596943855285645,0.873006284236908,0.7746327519416809,14,5349,,,,,,,,
,,,14,5369,0.2232484370470047,0.9719594120979309,0.8504130840301514,0.7397553324699402,,,,
,,,14,5369,,,,,0.19439157843589783,0.9643200635910034,0.8662660121917725,0.7640823721885681
0.9662537574768066,0.8853811621665955,0.7943353652954102,15,5399,,,,,,,,
0.9505565166473389,0.8302558064460754,0.7097755074501038,15,5449,,,,,,,,
0.9710133075714111,0.9024190902709961,0.8221890926361084,15,5499,,,,,,,,
0.9684423208236694,0.8747237324714661,0.7773413062095642,15,5549,,,,,,,,
0.9627523422241211,0.8503735065460205,0.7396954894065857,15,5599,,,,,,,,
0.96832275390625,0.8634965419769287,0.7597835063934326,15,5649,,,,,,,,
0.9671182632446289,0.8585649728775024,0.7521803379058838,15,5699,,,,,,,,
,,,15,5727,0.23312929272651672,0.9720609784126282,0.8470404148101807,0.7346661686897278,,,,
,,,15,5727,,,,,0.19331617653369904,0.9647713899612427,0.8678380846977234,0.7665318846702576
0.9730349183082581,0.8784462213516235,0.7832403779029846,16,5749,,,,,,,,
0.962373673915863,0.9017693400382996,0.8211110830307007,16,5799,,,,,,,,
0.9648823738098145,0.8828079700469971,0.7902025580406189,16,5849,,,,,,,,
0.9535672068595886,0.8566771149635315,0.7492870688438416,16,5899,,,,,,,,
0.9658153057098389,0.8527729511260986,0.7433341145515442,16,5949,,,,,,,,
0.9714205861091614,0.9093717336654663,0.8338053822517395,16,5999,,,,,,,,
0.9659672975540161,0.8819090127944946,0.7887632250785828,16,6049,,,,,,,,
,,,16,6085,0.2343709021806717,0.9716179966926575,0.8464561104774475,0.7337875366210938,,,,
,,,16,6085,,,,,0.19069230556488037,0.9649626612663269,0.8686923980712891,0.7678658366203308
0.9689866900444031,0.8940465450286865,0.8083943724632263,17,6099,,,,,,,,
0.9699632525444031,0.8651130795478821,0.7622901797294617,17,6149,,,,,,,,
0.9508616924285889,0.851789653301239,0.7418411374092102,17,6199,,,,,,,,
0.9651451706886292,0.8108327388763428,0.6818491816520691,17,6249,,,,,,,,
0.9691423773765564,0.8834447860717773,0.7912235260009766,17,6299,,,,,,,,
0.9603582620620728,0.8463324904441833,0.7336017489433289,17,6349,,,,,,,,
0.9636504650115967,0.8638149499893188,0.7602766752243042,17,6399,,,,,,,,
,,,17,6443,0.22923393547534943,0.970352292060852,0.8447358012199402,0.7312057614326477,,,,
,,,17,6443,,,,,0.1985974907875061,0.9628831148147583,0.8614920377731323,0.7566850185394287
0.9573613405227661,0.8354112505912781,0.7173444628715515,18,6449,,,,,,,,
0.9698623418807983,0.9008592367172241,0.8196032047271729,18,6499,,,,,,,,
0.9618929028511047,0.8863832950592041,0.7959500551223755,18,6549,,,,,,,,
0.9713084697723389,0.8549368381500244,0.7466285228729248,18,6599,,,,,,,,
0.9643318057060242,0.8658273220062256,0.7633998990058899,18,6649,,,,,,,,
0.97808837890625,0.8916149735450745,0.8044270873069763,18,6699,,,,,,,,
0.9493532776832581,0.8375289440155029,0.7204729914665222,18,6749,,,,,,,,
0.962626576423645,0.8435156345367432,0.7293791770935059,18,6799,,,,,,,,
,,,18,6801,0.22249002754688263,0.9714653491973877,0.8517663478851318,0.7418057322502136,,,,
,,,18,6801,,,,,0.1887434422969818,0.965402364730835,0.8703330159187317,0.7704331874847412
0.9748410582542419,0.9001058340072632,0.8183567523956299,19,6849,,,,,,,,
0.9765625,0.8970959782600403,0.8133944272994995,19,6899,,,,,,,,
0.9597716331481934,0.85353684425354,0.744495689868927,19,6949,,,,,,,,
0.9689393043518066,0.8925570845603943,0.8059621453285217,19,6999,,,,,,,,
0.9821042418479919,0.9281538724899292,0.8659394383430481,19,7049,,,,,,,,
0.9714978337287903,0.8903099894523621,0.8023051023483276,19,7099,,,,,,,,
0.9734160900115967,0.9029582738876343,0.8230847120285034,19,7149,,,,,,,,
,,,19,7159,0.22281883656978607,0.9736974239349365,0.8563029766082764,0.7487148642539978,,,,
,,,19,7159,,,,,0.183952197432518,0.9666708111763,0.8748473525047302,0.7775365710258484
0.9689094424247742,0.8625777959823608,0.7583619952201843,20,7199,,,,,,,,
0.9628918766975403,0.8389928340911865,0.722642183303833,20,7249,,,,,,,,
0.9697776436805725,0.8660886287689209,0.7638062834739685,20,7299,,,,,,,,
0.9748398065567017,0.9040650725364685,0.8249258995056152,20,7349,,,,,,,,
0.9752770066261292,0.8705368041992188,0.7707527279853821,20,7399,,,,,,,,
0.9704403281211853,0.8955009579658508,0.8107756972312927,20,7449,,,,,,,,
0.9765625,0.8989452123641968,0.8164399862289429,20,7499,,,,,,,,
,,,20,7517,0.23625902831554413,0.9730083346366882,0.8521382808685303,0.7423701882362366,,,,
,,,20,7517,,,,,0.18135012686252594,0.9669353365898132,0.8758888244628906,0.7791835069656372
0.9575867652893066,0.8540318012237549,0.7452491521835327,21,7549,,,,,,,,
0.9643417596817017,0.8766019344329834,0.7803127765655518,21,7599,,,,,,,,
0.9717768430709839,0.8540961146354675,0.7453470826148987,21,7649,,,,,,,,
0.9613622426986694,0.8625622987747192,0.7583380937576294,21,7699,,,,,,,,
0.9698349237442017,0.8813514709472656,0.7878715991973877,21,7749,,,,,,,,
0.9637264609336853,0.8985447883605957,0.8157796263694763,21,7799,,,,,,,,
0.9682791829109192,0.8822730183601379,0.7893456816673279,21,7849,,,,,,,,
,,,21,7875,0.22102415561676025,0.9737054109573364,0.8559539318084717,0.7481812834739685,,,,
,,,21,7875,,,,,0.18270443379878998,0.966681182384491,0.8749704360961914,0.7777310609817505
0.9697838425636292,0.8879745006561279,0.7985199093818665,22,7899,,,,,,,,
0.9698424339294434,0.8282700777053833,0.7068779468536377,22,7949,,,,,,,,
0.9620460867881775,0.8236199617385864,0.7001308798789978,22,7999,,,,,,,,
0.9666536450386047,0.8797883987426758,0.785377025604248,22,8049,,,,,,,,
0.9708949327468872,0.8704364895820618,0.7705954313278198,22,8099,,,,,,,,
0.9687861204147339,0.8419578671455383,0.7270529270172119,22,8149,,,,,,,,
0.9654889702796936,0.9014631509780884,0.8206034898757935,22,8199,,,,,,,,
,,,22,8233,0.2264440804719925,0.9708536267280579,0.8494970798492432,0.7383703589439392,,,,
,,,22,8233,,,,,0.17855681478977203,0.9673153758049011,0.8772242665290833,0.7812995910644531
0.9629292488098145,0.8906251788139343,0.802817165851593,23,8249,,,,,,,,
0.9678693413734436,0.8895634412765503,0.8010933995246887,23,8299,,,,,,,,
0.9731519818305969,0.8996405601501465,0.8175878524780273,23,8349,,,,,,,,
0.9624596238136292,0.886038601398468,0.7953943610191345,23,8399,,,,,,,,
0.968110978603363,0.87139892578125,0.77210533618927,23,8449,,,,,,,,
0.9730162620544434,0.8633447289466858,0.7595484852790833,23,8499,,,,,,,,
0.9680150747299194,0.8710374236106873,0.7715378999710083,23,8549,,,,,,,,
,,,23,8591,0.2210465520620346,0.9711138010025024,0.8506007194519043,0.7400393486022949,,,,
,,,23,8591,,,,,0.17728355526924133,0.9674615263938904,0.8780699968338013,0.7826423645019531
0.9600605964660645,0.8734219074249268,0.7752875089645386,24,8599,,,,,,,,
0.9742954969406128,0.8671712875366211,0.7654920220375061,24,8649,,,,,,,,
0.9589632153511047,0.8288668990135193,0.7077478766441345,24,8699,,,,,,,,
0.9699358344078064,0.8857521414756775,0.7949327826499939,24,8749,,,,,,,,
0.9586542844772339,0.8731527924537659,0.7748634815216064,24,8799,,,,,,,,
0.9689144492149353,0.8783227801322937,0.7830440998077393,24,8849,,,,,,,,
0.9724046587944031,0.8926137685775757,0.8060545325279236,24,8899,,,,,,,,
0.960713267326355,0.8531684875488281,0.7439352869987488,24,8949,,,,,,,,
,,,24,8949,0.23032929003238678,0.971970796585083,0.8521093726158142,0.7423262596130371,,,,
,,,24,8949,,,,,0.17632126808166504,0.967667818069458,0.878512442111969,0.783345639705658
0.964506208896637,0.847459614276886,0.7352971434593201,25,8999,,,,,,,,
0.9741771221160889,0.8924634456634521,0.805809497833252,25,9049,,,,,,,,
0.9651439189910889,0.8734813928604126,0.7753812670707703,25,9099,,,,,,,,
0.9627013206481934,0.8317034244537354,0.7118940949440002,25,9149,,,,,,,,
0.9709323048591614,0.8679448366165161,0.7666983008384705,25,9199,,,,,,,,
0.9761651754379272,0.9231917858123779,0.857340931892395,25,9249,,,,,,,,
0.966532826423645,0.890957772731781,0.8033578991889954,25,9299,,,,,,,,
,,,25,9307,0.26098623871803284,0.9637145400047302,0.8176392316818237,0.6915311217308044,,,,
,,,25,9307,,,,,0.1733444631099701,0.9683197736740112,0.8809623122215271,0.7872500419616699
0.9710929989814758,0.9078827500343323,0.8313052654266357,26,9349,,,,,,,,
0.9661616086959839,0.8989344835281372,0.8164224028587341,26,9399,,,,,,,,
0.9744735956192017,0.873849630355835,0.7759617567062378,26,9449,,,,,,,,
0.9683265089988708,0.8999504446983337,0.818099856376648,26,9499,,,,,,,,
0.9721455574035645,0.865546703338623,0.7629637718200684,26,9549,,,,,,,,
0.9668803215026855,0.878493070602417,0.7833148837089539,26,9599,,,,,,,,
0.9705299735069275,0.9071529507637024,0.8300822973251343,26,9649,,,,,,,,
,,,26,9665,0.2257256954908371,0.9727826118469238,0.8517727851867676,0.7418155670166016,,,,
,,,26,9665,,,,,0.17395445704460144,0.9679457545280457,0.8800127506256104,0.7857345938682556
0.9668492078781128,0.8645777106285095,0.7614591717720032,27,9699,,,,,,,,
0.9545985460281372,0.8282627463340759,0.7068672776222229,27,9749,,,,,,,,
0.9627835154533386,0.8625097870826721,0.7582568526268005,27,9799,,,,,,,,
0.9579081535339355,0.8369253873825073,0.7195801138877869,27,9849,,,,,,,,
0.9663110971450806,0.8826454281806946,0.7899421453475952,27,9899,,,,,,,,
0.978617787361145,0.9246662259101868,0.8598876595497131,27,9949,,,,,,,,
0.9698660969734192,0.9059064984321594,0.8279973268508911,27,9999,,,,,,,,
,,,27,10023,0.2230585217475891,0.9725784063339233,0.8555044531822205,0.7474947571754456,,,,
,,,27,10023,,,,,0.17325255274772644,0.9681267738342285,0.8803232312202454,0.7862297892570496
0.9737586379051208,0.9073819518089294,0.8304657936096191,28,10049,,,,,,,,
0.9728493094444275,0.8829232454299927,0.7903872728347778,28,10099,,,,,,,,
0.9696568250656128,0.8886725902557373,0.7996496558189392,28,10149,,,,,,,,
0.9712188243865967,0.8812189698219299,0.7876598834991455,28,10199,,,,,,,,
0.9618443250656128,0.8433994650840759,0.7292055487632751,28,10249,,,,,,,,
0.946330189704895,0.8275974988937378,0.7058988213539124,28,10299,,,,,,,,
0.9726226329803467,0.9091960787773132,0.8335101008415222,28,10349,,,,,,,,
,,,28,10381,0.22440075874328613,0.9708874225616455,0.8500689268112183,0.7392346858978271,,,,
,,,28,10381,,,,,0.1709049493074417,0.9686331748962402,0.8822441101074219,0.7892994284629822
0.9685544371604919,0.890468180179596,0.8025621175765991,29,10399,,,,,,,,
0.9726923704147339,0.8997287750244141,0.817733645439148,29,10449,,,,,,,,
0.9759920239448547,0.8769519329071045,0.7808676958084106,29,10499,,,,,,,,
0.937410295009613,0.8090779781341553,0.6793711185455322,29,10549,,,,,,,,
0.9727447032928467,0.8592961430549622,0.7533034086227417,29,10599,,,,,,,,
0.9732553958892822,0.8838406801223755,0.7918589115142822,29,10649,,,,,,,,
0.9632294178009033,0.8652030229568481,0.7624297738075256,29,10699,,,,,,,,
,,,29,10739,0.2435789704322815,0.9667032957077026,0.8338861465454102,0.7150983810424805,,,,
,,,29,10739,,,,,0.17607691884040833,0.967926025390625,0.8795849084854126,0.7850527763366699
0.9505079388618469,0.8714396357536316,0.7721692323684692,30,10749,,,,,,,,
0.9706470966339111,0.8669553399085999,0.7651554942131042,30,10799,,,,,,,,
0.9762971997261047,0.9065634608268738,0.8290956616401672,30,10849,,,,,,,,
0.9733139276504517,0.8987839221954346,0.8161740303039551,30,10899,,,,,,,,
0.9690439701080322,0.8865329623222351,0.7961915135383606,30,10949,,,,,,,,
0.9750416278839111,0.911026120185852,0.8365914225578308,30,10999,,,,,,,,
0.9620485901832581,0.8821080327033997,0.7890816330909729,30,11049,,,,,,,,
,,,30,11097,0.2301703542470932,0.9731652140617371,0.8548400402069092,0.7464808821678162,,,,
,,,30,11097,,,,,0.1699833869934082,0.9687768816947937,0.8827251195907593,0.7900697588920593
0.9611343145370483,0.8523932695388794,0.742757260799408,31,11099,,,,,,,,
0.9697228074073792,0.9086618423461914,0.8326125741004944,31,11149,,,,,,,,
0.9749407172203064,0.9104641079902649,0.8356439471244812,31,11199,,,,,,,,
0.9733226299285889,0.9005899429321289,0.8191574811935425,31,11249,,,,,,,,
0.9624870419502258,0.8671700358390808,0.7654900550842285,31,11299,,,,,,,,
0.9652112126350403,0.8752250671386719,0.7781335115432739,31,11349,,,,,,,,
0.9589544534683228,0.8374586701393127,0.7203689813613892,31,11399,,,,,,,,
0.9759048223495483,0.917610764503479,0.8477641344070435,31,11449,,,,,,,,
,,,31,11455,0.21752473711967468,0.9729605913162231,0.8577523827552795,0.750933825969696,,,,
,,,31,11455,,,,,0.16419266164302826,0.9698439836502075,0.8865896463394165,0.7962828278541565
0.978068470954895,0.9017438888549805,0.8210688829421997,32,11499,,,,,,,,
0.9779613018035889,0.9274897575378418,0.8647841215133667,32,11549,,,,,,,,
0.9762959480285645,0.9242345690727234,0.8591413497924805,32,11599,,,,,,,,
0.9715027809143066,0.8997563719749451,0.8177792429924011,32,11649,,,,,,,,
0.9625480771064758,0.8383346796035767,0.7216662764549255,32,11699,,,,,,,,
0.9650604724884033,0.902306318283081,0.8220019340515137,32,11749,,,,,,,,
0.9700940251350403,0.8637547492980957,0.7601833939552307,32,11799,,,,,,,,
,,,32,11813,0.23207607865333557,0.9728519916534424,0.8507105708122253,0.7402056455612183,,,,
,,,32,11813,,,,,0.16379491984844208,0.9698172211647034,0.8862496018409729,0.7957344651222229
0.9776598811149597,0.9154667258262634,0.8441112637519836,33,11849,,,,,,,,
0.9639157652854919,0.8720297813415527,0.77309650182724,33,11899,,,,,,,,
0.9784047603607178,0.9117310047149658,0.8377809524536133,33,11949,,,,,,,,
0.9676476120948792,0.8917381167411804,0.8046275973320007,33,11999,,,,,,,,
0.9750602841377258,0.9116494655609131,0.8376432061195374,33,12049,,,,,,,,
0.9707367420196533,0.9105563759803772,0.8357993960380554,33,12099,,,,,,,,
0.9766085743904114,0.9189116954803467,0.8499876260757446,33,12149,,,,,,,,
,,,33,12171,0.21921752393245697,0.9736759662628174,0.8595975637435913,0.7537668347358704,,,,
,,,33,12171,,,,,0.16228552162647247,0.9702084064483643,0.8878483176231384,0.7983158230781555
0.9751151204109192,0.9206271171569824,0.8529277443885803,34,12199,,,,,,,,
0.9599073529243469,0.8641870021820068,0.7608532309532166,34,12249,,,,,,,,
0.9705212712287903,0.8697666525840759,0.7695461511611938,34,12299,,,,,,,,
0.9692046642303467,0.8310728073120117,0.7109705805778503,34,12349,,,,,,,,
0.9702235460281372,0.8985782861709595,0.8158348798751831,34,12399,,,,,,,,
0.9612202644348145,0.8772411346435547,0.781326413154602,34,12449,,,,,,,,
0.9755236506462097,0.9081183075904846,0.831700325012207,34,12499,,,,,,,,
,,,34,12529,0.22037985920906067,0.9722891449928284,0.8557354211807251,0.7478474974632263,,,,
,,,34,12529,,,,,0.16313180327415466,0.9700325131416321,0.8873593807220459,0.7975256443023682
0.9719699025154114,0.9148610234260559,0.8430818915367126,35,12549,,,,,,,,
0.9691187143325806,0.8984342217445374,0.8155974745750427,35,12599,,,,,,,,
0.9661603569984436,0.8890377283096313,0.8002411723136902,35,12649,,,,,,,,
0.9607855081558228,0.8495368957519531,0.7384303212165833,35,12699,,,,,,,,
0.9750640392303467,0.880242645740509,0.786101222038269,35,12749,,,,,,,,
0.97088623046875,0.9028864502906799,0.8229653239250183,35,12799,,,,,,,,
0.971923828125,0.9140836000442505,0.841762363910675,35,12849,,,,,,,,
,,,35,12887,0.2273469865322113,0.9728645086288452,0.8534609079360962,0.7443801164627075,,,,
,,,35,12887,,,,,0.15755188465118408,0.9709120988845825,0.8903821706771851,0.8024224042892456
0.9709447622299194,0.8797740340232849,0.7853540778160095,36,12899,,,,,,,,
0.9722763299942017,0.8925244808197021,0.8059089779853821,36,12949,,,,,,,,
0.9705212712287903,0.8763428330421448,0.7799023389816284,36,12999,,,,,,,,
0.9721978902816772,0.8982911705970764,0.8153616786003113,36,13049,,,,,,,,
0.9705461859703064,0.8707869052886963,0.7711448669433594,36,13099,,,,,,,,
0.9746317863464355,0.9131402969360352,0.8401638865470886,36,13149,,,,,,,,
0.9556760191917419,0.8801013827323914,0.7858759164810181,36,13199,,,,,,,,
,,,36,13245,0.221128448843956,0.9736338257789612,0.8598509430885315,0.7541566491127014,,,,
,,,36,13245,,,,,0.1568719446659088,0.9709689617156982,0.8905646204948425,0.8027187585830688
0.957551896572113,0.8650835752487183,0.7622442841529846,37,13249,,,,,,,,
0.9752832651138306,0.9096225500106812,0.8342272639274597,37,13299,,,,,,,,
0.9623275995254517,0.8758313655853271,0.77909255027771,37,13349,,,,,,,,
0.9715962409973145,0.8995679616928101,0.8174679279327393,37,13399,,,,,,,,
0.9704053997993469,0.8776337504386902,0.781949520111084,37,13449,,,,,,,,
0.9770482778549194,0.8980535864830017,0.8149702548980713,37,13499,,,,,,,,
0.9680524468421936,0.8761062026023865,0.7795275449752808,37,13549,,,,,,,,
0.9755124449729919,0.9107929468154907,0.8361982107162476,37,13599,,,,,,,,
,,,37,13603,0.22207334637641907,0.9728044867515564,0.8561038374900818,0.7484104037284851,,,,
,,,37,13603,,,,,0.1644996702671051,0.9694263339042664,0.8852359056472778,0.7941015958786011
0.9726002216339111,0.8731144666671753,0.7748031616210938,38,13649,,,,,,,,
0.9743403196334839,0.9233841896057129,0.8576728701591492,38,13699,,,,,,,,
0.9697054028511047,0.8788124918937683,0.7838229537010193,38,13749,,,,,,,,
0.9675267934799194,0.901033341884613,0.8198913931846619,38,13799,,,,,,,,
0.9700367450714111,0.8865849375724792,0.79627525806427,38,13849,,,,,,,,
0.9753978252410889,0.8989424109458923,0.8164353966712952,38,13899,,,,,,,,
0.9591612815856934,0.8625348210334778,0.7582955360412598,38,13949,,,,,,,,
,,,38,13961,0.22461159527301788,0.9729722738265991,0.8549317717552185,0.746620774269104,,,,
,,,38,13961,,,,,0.1561800241470337,0.970844566822052,0.8906927108764648,0.8029268980026245
0.9701662659645081,0.8900700211524963,0.8019154071807861,39,13999,,,,,,,,
0.9822748899459839,0.9227226972579956,0.8565321564674377,39,14049,,,,,,,,
0.9718889594078064,0.8640531301498413,0.7606456875801086,39,14099,,,,,,,,
0.9673150777816772,0.8468559980392456,0.7343887686729431,39,14149,,,,,,,,
0.9714517593383789,0.8847416639328003,0.7933065295219421,39,14199,,,,,,,,
0.9792829155921936,0.9133822321891785,0.8405736088752747,39,14249,,,,,,,,
0.9617060422897339,0.8742417097091675,0.776580274105072,39,14299,,,,,,,,
,,,39,14319,0.2197391837835312,0.9733614325523376,0.8578644394874573,0.7511056065559387,,,,
,,,39,14319,,,,,0.15542417764663696,0.9711654782295227,0.8912642002105713,0.8038561940193176
0.95758056640625,0.8585244417190552,0.7521181702613831,40,14349,,,,,,,,
0.9564022421836853,0.8749584555625916,0.7777121663093567,40,14399,,,,,,,,
0.9797699451446533,0.8920755982398987,0.8051773309707642,40,14449,,,,,,,,
0.9595735669136047,0.8835298418998718,0.7913599610328674,40,14499,,,,,,,,
0.959147572517395,0.8777549862861633,0.7821419835090637,40,14549,,,,,,,,
0.968233048915863,0.8756636381149292,0.7788271307945251,40,14599,,,,,,,,
0.9705436825752258,0.9156103730201721,0.8443555235862732,40,14649,,,,,,,,
,,,40,14677,0.22530612349510193,0.9708091020584106,0.850663423538208,0.7401343584060669,,,,
,,,40,14677,,,,,0.1539819836616516,0.9712547063827515,0.8916575312614441,0.8044964671134949
0.9768116474151611,0.9298985600471497,0.868981659412384,41,14699,,,,,,,,
0.9773509502410889,0.9157738089561462,0.8446335792541504,41,14749,,,,,,,,
0.9687724113464355,0.8583119511604309,0.7517920136451721,41,14799,,,,,,,,
0.9288442134857178,0.801993727684021,0.6694403886795044,41,14849,,,,,,,,
0.9642670154571533,0.8894932270050049,0.8009796142578125,41,14899,,,,,,,,
0.9628245830535889,0.9006633758544922,0.8192789554595947,41,14949,,,,,,,,
0.9684062004089355,0.8625540733337402,0.7583253383636475,41,14999,,,,,,,,
,,,41,15035,0.22039934992790222,0.9721531271934509,0.8556227087974548,0.7476754188537598,,,,
,,,41,15035,,,,,0.1520877331495285,0.9714460372924805,0.8927637934684753,0.8062993884086609
0.9756830930709839,0.9173287153244019,0.8472827672958374,42,15049,,,,,,,,
0.9705910086631775,0.8673923015594482,0.7658365368843079,42,15099,,,,,,,,
0.971293568611145,0.8951615691184998,0.8102194666862488,42,15149,,,,,,,,
0.9751761555671692,0.8854477405548096,0.7944425344467163,42,15199,,,,,,,,
0.9714841246604919,0.885254442691803,0.7941313982009888,42,15249,,,,,,,,
0.9751749038696289,0.8948051929473877,0.8096356987953186,42,15299,,,,,,,,
0.9663634300231934,0.9037441611289978,0.8243916630744934,42,15349,,,,,,,,
,,,42,15393,0.21986457705497742,0.9738190174102783,0.8593277335166931,0.7533520460128784,,,,
,,,42,15393,,,,,0.14907199144363403,0.9719733595848083,0.8941801190376282,0.8086129426956177
0.9675455093383789,0.8942070603370667,0.8086568713188171,43,15399,,,,,,,,
0.9694936275482178,0.8886312246322632,0.7995826601982117,43,15449,,,,,,,,
0.9726213812828064,0.8994933366775513,0.8173447847366333,43,15499,,,,,,,,
0.9659660458564758,0.8440459370613098,0.7301725149154663,43,15549,,,,,,,,
0.9636853337287903,0.8936342597007751,0.8077204823493958,43,15599,,,,,,,,
0.971830427646637,0.895641565322876,0.8110061883926392,43,15649,,,,,,,,
0.9801424145698547,0.9166387915611267,0.8461063504219055,43,15699,,,,,,,,
0.9758462905883789,0.878440797328949,0.783231794834137,43,15749,,,,,,,,
,,,43,15751,0.2333228886127472,0.970902144908905,0.8460938334465027,0.7332431674003601,,,,
,,,43,15751,,,,,0.14949201047420502,0.9718843102455139,0.8941726684570312,0.8086006045341492
0.9631011486053467,0.880991518497467,0.7872965335845947,44,15799,,,,,,,,
0.9660731554031372,0.878747820854187,0.7837200164794922,44,15849,,,,,,,,
0.9623151421546936,0.8477495312690735,0.735733687877655,44,15899,,,,,,,,
0.9689829349517822,0.8988261818885803,0.8162437081336975,44,15949,,,,,,,,
0.9697913527488708,0.8894964456558228,0.8009847402572632,44,15999,,,,,,,,
0.9687674641609192,0.907380998134613,0.830464243888855,44,16049,,,,,,,,
0.9691398739814758,0.8789638876914978,0.7840638756752014,44,16099,,,,,,,,
,,,44,16109,0.22285781800746918,0.9725039005279541,0.8550599217414856,0.7468162775039673,,,,
,,,44,16109,,,,,0.15579639375209808,0.9709903001785278,0.8906159400939941,0.8028020858764648
0.9720359444618225,0.8928175568580627,0.8063870668411255,45,16149,,,,,,,,
0.9771766066551208,0.9024214744567871,0.8221930861473083,45,16199,,,,,,,,
0.9773908257484436,0.8927125334739685,0.8062157034873962,45,16249,,,,,,,,
0.9765537977218628,0.9112855195999146,0.8370289206504822,45,16299,,,,,,,,
0.9643766283988953,0.8668097853660583,0.7649287581443787,45,16349,,,,,,,,
0.9842541813850403,0.9093594551086426,0.8337847590446472,45,16399,,,,,,,,
0.9575743675231934,0.8694779276847839,0.7690941095352173,45,16449,,,,,,,,
,,,45,16467,0.2208629548549652,0.9732853770256042,0.8561925292015076,0.7485460042953491,,,,
,,,45,16467,,,,,0.14741463959217072,0.9723392128944397,0.8956844806671143,0.8110766410827637
0.9790911078453064,0.9275466203689575,0.8648829460144043,46,16499,,,,,,,,
0.9760592579841614,0.8975501656532288,0.8141415119171143,46,16549,,,,,,,,
0.97998046875,0.9080033302307129,0.8315074443817139,46,16599,,,,,,,,
0.9670833945274353,0.915165901184082,0.843599796295166,46,16649,,,,,,,,
0.9695472121238708,0.8908639550209045,0.8032053112983704,46,16699,,,,,,,,
0.9666125178337097,0.8971102833747864,0.8134179711341858,46,16749,,,,,,,,
0.9698722958564758,0.8830952644348145,0.7906630635261536,46,16799,,,,,,,,
,,,46,16825,0.222206249833107,0.9730976819992065,0.8568620681762695,0.7495701313018799,,,,
,,,46,16825,,,,,0.14444410800933838,0.9726802110671997,0.8972199559211731,0.8135982751846313
0.9748784303665161,0.8904175162315369,0.8024798035621643,47,16849,,,,,,,,
0.9739143252372742,0.9062511324882507,0.8285732865333557,47,16899,,,,,,,,
0.9780871272087097,0.9227614998817444,0.8565990328788757,47,16949,,,,,,,,
0.9792169332504272,0.9329027533531189,0.874243438243866,47,16999,,,,,,,,
0.9686715006828308,0.9127570986747742,0.8395153284072876,47,17049,,,,,,,,
0.9531112909317017,0.8239508867263794,0.7006092071533203,47,17099,,,,,,,,
0.9684236645698547,0.8694093227386475,0.7689868211746216,47,17149,,,,,,,,
,,,47,17183,0.22500582039356232,0.9719988107681274,0.8539038896560669,0.7450543642044067,,,,
,,,47,17183,,,,,0.14275604486465454,0.973042368888855,0.8982597589492798,0.8153099417686462
0.9727795720100403,0.9076439738273621,0.8309049606323242,48,17199,,,,,,,,
0.9617085456848145,0.8614552617073059,0.7566283941268921,48,17249,,,,,,,,
0.9826211929321289,0.8740202784538269,0.7762309312820435,48,17299,,,,,,,,
0.9746816158294678,0.8971325159072876,0.8134544491767883,48,17349,,,,,,,,
0.9801411628723145,0.9031497836112976,0.823403000831604,48,17399,,,,,,,,
0.9629279971122742,0.8752190470695496,0.7781240344047546,48,17449,,,,,,,,
0.9778292775154114,0.8789570927619934,0.7840529680252075,48,17499,,,,,,,,
,,,48,17541,0.22377341985702515,0.9719724655151367,0.8535504341125488,0.7445163726806641,,,,
,,,48,17541,,,,,0.14341536164283752,0.9729538559913635,0.8980480432510376,0.8149611949920654
0.9736290574073792,0.8976123332977295,0.8142438530921936,49,17549,,,,,,,,
0.9773621559143066,0.9076129794120789,0.8308529853820801,49,17599,,,,,,,,
0.9699918627738953,0.8875560760498047,0.7978433966636658,49,17649,,,,,,,,
0.9810205698013306,0.93575519323349,0.8792669177055359,49,17699,,,,,,,,
0.9774742722511292,0.9168161749839783,0.8464086651802063,49,17749,,,,,,,,
0.9715650677680969,0.8966132402420044,0.8126010894775391,49,17799,,,,,,,,
0.9675280451774597,0.878967821598053,0.7840701341629028,49,17849,,,,,,,,
0.9348592758178711,0.885648787021637,0.794766366481781,49,17899,,,,,,,,
,,,49,17899,0.224331334233284,0.9732546806335449,0.856689453125,0.7493060231208801,,,,
,,,49,17899,,,,,0.13806289434432983,0.9735524654388428,0.9003252983093262,0.8187195658683777
0.9746367931365967,0.902593731880188,0.8224791288375854,50,17949,,,,,,,,
0.9809072017669678,0.9244062304496765,0.8594380617141724,50,17999,,,,,,,,
0.9811301827430725,0.9255390763282776,0.8613985776901245,50,18049,,,,,,,,
0.9750926494598389,0.8959246277809143,0.8114705681800842,50,18099,,,,,,,,
0.961759626865387,0.8650134205818176,0.76213538646698,50,18149,,,,,,,,
0.9765625,0.8710066676139832,0.7714896202087402,50,18199,,,,,,,,
0.9805347919464111,0.9357582330703735,0.8792722225189209,50,18249,,,,,,,,
,,,50,18257,0.23101846873760223,0.9729185104370117,0.8550586104393005,0.7468143105506897,,,,
,,,50,18257,,,,,0.13911956548690796,0.9734681248664856,0.8998333811759949,0.8179064393043518
0.9782241582870483,0.8819677233695984,0.788857102394104,51,18299,,,,,,,,
0.9708501100540161,0.8673776984214783,0.7658137083053589,51,18349,,,,,,,,
0.9789615273475647,0.8986194729804993,0.8159027695655823,51,18399,,,,,,,,
0.9768415093421936,0.898949921131134,0.8164477944374084,51,18449,,,,,,,,
0.9794336557388306,0.9122581481933594,0.8386715650558472,51,18499,,,,,,,,
0.9656994938850403,0.8697564601898193,0.7695301175117493,51,18549,,,,,,,,
0.9784072637557983,0.9431328177452087,0.8923853635787964,51,18599,,,,,,,,
,,,51,18615,0.23266689479351044,0.9738131165504456,0.8562076091766357,0.7485690712928772,,,,
,,,51,18615,,,,,0.13879211246967316,0.973539412021637,0.900272786617279,0.8186327815055847
